Substitutions,Conditional_error_rate,sem,Species 
A>C,3e-07,7.76e-08,E. coli
A>G,1.02e-06,1.44e-07,E. coli
A>U,3.55e-07,9.67e-08,E. coli
C>A,2.93e-07,3.74e-08,E. coli
C>G,2.59e-07,3.54e-08,E. coli
C>U,1.23e-05,7.05e-07,E. coli
G>A,2.51e-06,3.28e-07,E. coli
G>C,5.5e-07,2.37e-08,E. coli
G>U,1.49e-06,2.19e-07,E. coli
U>A,4.54e-07,8.05e-08,E. coli
U>C,3.21e-06,2.62e-07,E. coli
U>G,3.63e-07,1.79e-08,E. coli
A>C,2.72e-07,5.36e-08,B. subtilis
A>G,8.71e-07,9.35e-08,B. subtilis
A>U,1.77e-07,6.52e-08,B. subtilis
C>A,3.43e-07,6.99e-08,B. subtilis
C>G,4.54e-07,9.99e-08,B. subtilis
C>U,1.34e-05,4.7e-07,B. subtilis
G>A,2.34e-06,7.1e-08,B. subtilis
G>C,4e-07,3.99e-08,B. subtilis
G>U,1.62e-06,1.52e-07,B. subtilis
U>A,3.86e-07,2.64e-08,B. subtilis
U>C,4.58e-06,5.08e-07,B. subtilis
U>G,2.48e-07,1.64e-08,B. subtilis
A>C,5.05e-07,2.91e-08,A. tumefaciens
A>G,8.99e-07,4.35e-08,A. tumefaciens
A>U,6.31e-08,1.86e-08,A. tumefaciens
C>A,1.99e-07,9.31e-09,A. tumefaciens
C>G,3.21e-07,2.42e-08,A. tumefaciens
C>U,1.18e-05,4.57e-07,A. tumefaciens
G>A,5e-06,1.48e-07,A. tumefaciens
G>C,4.01e-07,1.29e-07,A. tumefaciens
G>U,1.93e-06,3.16e-07,A. tumefaciens
U>A,6.44e-07,5.55e-08,A. tumefaciens
U>C,4.47e-06,3.54e-07,A. tumefaciens
U>G,4.42e-07,1.29e-07,A. tumefaciens
A>C,3.28e-07,2.11e-09,M. florum
A>G,7.55e-07,4.18e-08,M. florum
A>U,2.78e-07,8.58e-08,M. florum
C>A,1.81e-06,1.65e-07,M. florum
C>G,3.2e-07,8.07e-08,M. florum
C>U,1.97e-05,5.3e-07,M. florum
G>A,4.73e-05,1.76e-06,M. florum
G>C,4.2e-07,7.19e-08,M. florum
G>U,5.19e-06,5.18e-07,M. florum
U>A,8.84e-07,8.56e-08,M. florum
U>C,9.35e-06,6.16e-07,M. florum
U>G,4.07e-07,3.37e-08,M. florum
